Unnamed: 0,Track,Album Name,Artist,Release Date,ISRC,All Time Rank,Track Score,Spotify Streams,Spotify Playlist Count,Spotify Playlist Reach,Spotify Popularity,YouTube Views,YouTube Likes,TikTok Posts,TikTok Likes,TikTok Views,YouTube Playlist Reach,Apple Music Playlist Count,AirPlay Spins,SiriusXM Spins,Deezer Playlist Count,Deezer Playlist Reach,Amazon Playlist Count,Pandora Streams,Pandora Track Stations,Soundcloud Streams,Shazam Counts,Explicit Track,Unnamed: 29
37,Mood (feat. iann dior),Mood (feat. Iann Dior),24kGoldn,2020-07-24,USQX92003025,130,133.0,1867736006.0,302486,82611625,76.0,747126783.0,10795292.0,2467227.0,160756733.0,1768836179.0,2069527154.0,329.0,931316.0,1897.0,273.0,3821598.0,85.0,240562062.0,131540.0,40756476.0,10228436.0,1,
53,TROLLZ (with Nicki Minaj),TROLLZ (with Nicki Minaj),6ix9ine,2020-12-06,QZA742002508,3481,23.1,169376113.0,37282,5544584,2.0,485978356.0,7474199.0,481594.0,84039891.0,728033853.0,309404629.0,12.0,5773.0,,5.0,22966.0,,4875023.0,8123.0,,1192023.0,1,
66,Night Away (Dance) (feat. Tion Wayne),Night Away (Dance) (feat. Tion Wayne),A1 x J1,2022-03-03,GBUM72200940,4253,20.5,148855365.0,68961,4738866,57.0,21320423.0,302697.0,54045.0,14221839.0,164949728.0,11866650.0,9.0,16726.0,,9.0,20327.0,6.0,,,,719356.0,1,
68,Saawariya,Saawariya,Aastha Gill,2021-08-10,INS172104096,4153,20.8,28805237.0,1873,836098,45.0,153101388.0,1717781.0,2100000.0,11995964.0,212490319.0,,1.0,270.0,,,,1.0,,,,105909.0,0,
101,Smack That - Dirty,Smack That (feat. Eminem),Akon,2006-01-01,USUM70609036,3422,23.4,1023825031.0,204464,51055833,80.0,1251716030.0,8866662.0,,279003.0,1957205.0,397519323.0,37.0,28439.0,,24.0,316904.0,25.0,256334581.0,398868.0,,5885853.0,1,
150,SAD GIRLZ LUV MONEY Remix (feat. Kali Uchis and Moliy),SAD GIRLZ LUV MONEY Remix (feat. Kali Uchis and Moliy),Amaarae,2021-09-16,US23A1540104,610,61.3,428189728.0,95507,22395876,67.0,84966187.0,868089.0,5406735.0,1021159104.0,11653604916.0,98142716.0,100.0,22558.0,122.0,24.0,101103.0,33.0,6960206.0,6180.0,,5024951.0,1,
150,SAD GIRLZ LUV MONEY Remix (feat. Kali Uchis and Moliy),SAD GIRLZ LUV MONEY Remix (feat. Kali Uchis and Moliy),Amaarae,2021-09-16,US23A1540104,610,61.3,428189728.0,95507,22395876,67.0,84966187.0,868089.0,5406735.0,1021159104.0,11653604916.0,98142716.0,100.0,22558.0,122.0,24.0,101103.0,33.0,6960206.0,6180.0,,5024951.0,1,
229,Nashe Si Chadh Gayi,November Top 10 Songs,Arijit Singh,2016-08-11,INY091600067,4591,19.4,145467020.0,14037,7387064,66.0,1118595159.0,3868828.0,11433.0,2534831.0,37757301.0,25150516.0,1.0,1200.0,,,,7.0,6817840.0,,,448292.0,0,
237,I'm an Albatraoz,Full Circle: The Live Anthology,AronChupa,2011-11-20,SEYOK1406001,3011,25.3,568692309.0,122845,20445148,66.0,1631093608.0,13001577.0,322088.0,36083677.0,431870913.0,191669152.0,27.0,13.0,,20.0,70235.0,,66426238.0,94346.0,235101.0,13205767.0,1,
272,SOS (feat. Aloe Blacc),SOS (feat. Aloe Blacc),Avicii,2019-10-04,SE5R71900201,3839,21.8,763658190.0,99429,20117915,66.0,155980021.0,1735488.0,179239.0,19576729.0,258338520.0,327849531.0,143.0,88421.0,187.0,163.0,847295.0,28.0,37623487.0,14921.0,,4054017.0,0,
285,Baarish Ki Jaaye,Baarish Ki Jaaye,B Praak,2021-03-27,INUM72100017,2142,31.1,53064181.0,6163,1029980,53.0,700321521.0,7293139.0,874600.0,10595202.0,144528086.0,242150653.0,1.0,40.0,,,,2.0,12638.0,,,216531.0,0,
286,Filhaal2 Mohabbat,Filhaal2 Mohabbat,B Praak,2021-06-07,INUM72100040,2206,30.5,72348363.0,6300,1979759,57.0,717290683.0,6865430.0,181300.0,5507080.0,90316836.0,1919497.0,5.0,247.0,,,,2.0,7696.0,,,209262.0,0,
343,Genda Phool (feat. Payal Dev),Genda Phool (feat. Payal Dev),Badshah,2020-03-26,INS172000876,930,50.0,86295058.0,7591,3058131,55.0,1022945729.0,6994273.0,5444473.0,128000154.0,1953198700.0,197996975.0,7.0,961.0,,3.0,2467.0,7.0,519209.0,,,193040.0,0,
396,Roses (with Juice WRLD feat. Brendon Urie),Roses (with Juice WRLD feat. Brendon Urie),benny blanco,2018-05-12,USUM71820961,2772,26.7,475881575.0,74084,11532863,57.0,40942190.0,516795.0,11387.0,3941871.0,41147911.0,1118318.0,24.0,232.0,,13.0,40167.0,,65695069.0,80691.0,67874316.0,710406.0,1,
480,Ice Cream (with Selena Gomez),Ice Cream (with Selena Gomez),BLACKPINK,2020-08-28,KRA402000131,826,53.3,574505748.0,47463,17801611,58.0,1037344011.0,21343581.0,2161485.0,204760050.0,1928057718.0,2185956346.0,87.0,50575.0,,33.0,197629.0,45.0,17035475.0,44722.0,,1430212.0,0,
530,Leave The Door Open,Leave The Door Open,Bruno Mars,2021-05-03,USAT22100906,161,120.1,1312168384.0,248793,50068571,75.0,993324548.0,9537455.0,1503567.0,369280607.0,3350704343.0,2421128623.0,308.0,557867.0,309.0,120.0,1553392.0,103.0,149304590.0,91366.0,,10288388.0,0,
541,Boy With Luv (feat. Halsey),MAP OF THE SOUL : PERSONA,BTS,2019-12-04,QM6MZ1917908,553,65.0,1165842896.0,62333,28686399,70.0,2104797932.0,35291841.0,1944635.0,287006154.0,2199922028.0,161956996.0,111.0,26812.0,62.0,31.0,612134.0,26.0,18793416.0,29530.0,,3328531.0,0,
541,Boy With Luv (feat. Halsey),MAP OF THE SOUL : PERSONA,BTS,2019-12-04,QM6MZ1917908,553,65.0,1165842896.0,62333,28686399,70.0,2104797932.0,35291841.0,1944635.0,287006154.0,2199922028.0,161956996.0,111.0,26812.0,62.0,31.0,612134.0,26.0,18793416.0,29530.0,,3328531.0,0,
573,One Kiss (with Dua Lipa),Dua Lipa (Complete Edition),Calvin Harris,2015-01-01,GBARL1800368,1024,47.5,2178606166.0,291456,162511602,79.0,1256080361.0,8723122.0,1932873.0,174361744.0,1597020461.0,706333060.0,458.0,160995.0,376.0,548.0,3408335.0,103.0,141238520.0,81291.0,,15829169.0,0,
573,One Kiss (with Dua Lipa),Dua Lipa (Complete Edition),Calvin Harris,2015-01-01,GBARL1800368,1024,47.5,2178606166.0,291456,162511602,79.0,1256080361.0,8723122.0,1932873.0,174361744.0,1597020461.0,706333060.0,458.0,160995.0,376.0,548.0,3408335.0,103.0,141238520.0,81291.0,,15829169.0,0,
573,One Kiss (with Dua Lipa),Dua Lipa (Complete Edition),Calvin Harris,2015-01-01,GBARL1800368,1024,47.5,2178606166.0,291456,162511602,79.0,1256080361.0,8723122.0,1932873.0,174361744.0,1597020461.0,706333060.0,458.0,160995.0,376.0,548.0,3408335.0,103.0,141238520.0,81291.0,,15829169.0,0,
574,How Deep Is Your Love,How Deep Is Your Love,Calvin Harris,2015-07-17,GBARL1500704,1026,47.4,1156342373.0,168603,66723908,78.0,1961319809.0,8520003.0,527189.0,148496036.0,982629718.0,234830168.0,364.0,77370.0,80.0,132.0,734737.0,12.0,164858805.0,135026.0,,14394209.0,0,
579,Promises (with Sam Smith),Promises (with Sam Smith),Calvin Harris,2018-08-17,GBARL1801049,1711,35.3,1036104210.0,125480,39427143,69.0,656926852.0,3449298.0,17106.0,3825116.0,27087495.0,580519715.0,186.0,145284.0,75.0,332.0,2111032.0,26.0,48403430.0,11010.0,,11320622.0,0,
580,Giant (with Rag'n'Bone Man),Giant (with Rag'n'Bone Man),Calvin Harris,2019-11-01,GBARL1801703,3119,24.7,670319557.0,100046,27359207,65.0,432616080.0,2355880.0,10926.0,2601510.0,29055589.0,409691633.0,135.0,138101.0,11.0,141.0,1428820.0,37.0,1078617.0,6621.0,,32382.0,0,
595,Tutu,Tutu,Camilo,2019-09-08,USSD11900263,1908,33.2,594224324.0,50354,18628100,61.0,903046839.0,6893168.0,691299.0,11745148.0,140587874.0,275575570.0,89.0,13563.0,242.0,33.0,215002.0,32.0,24533016.0,20359.0,,1100391.0,0,
608,I Like It,Invasion of Privacy,Cardi B,2018-06-04,USAT21801431,1439,38.8,1624314065.0,175421,77421150,72.0,50292845.0,526148.0,1382427.0,103052825.0,1060409911.0,93415742.0,331.0,117778.0,7.0,152.0,1207198.0,83.0,390876857.0,322758.0,,53850.0,1,
647,Left and Right (Feat. Jung Kook of BTS),Left and Right (Feat. Jung Kook of BTS),Charlie Puth,2022-06-24,USAT22205563,1542,37.4,947763871.0,59942,47877896,72.0,65306295.0,1305561.0,5486.0,2914991.0,20119789.0,,24.0,171718.0,1282.0,1.0,30007.0,,,,,,0,
647,Left and Right (Feat. Jung Kook of BTS),Left and Right (Feat. Jung Kook of BTS),Charlie Puth,2022-06-24,USAT22205563,1542,37.4,947763871.0,59942,47877896,72.0,65306295.0,1305561.0,5486.0,2914991.0,20119789.0,,24.0,171718.0,1282.0,1.0,30007.0,,,,,,0,
778,"10,000 Hours (with Justin Bieber)","10,000 Hours (with Justin Bieber)",Dan + Shay,2019-04-10,USWB11902440,3215,24.3,1060319450.0,93637,53500350,67.0,361854211.0,3836505.0,143760.0,9183035.0,64709989.0,801371563.0,,537.0,311.0,1.0,282.0,50.0,,,,,0,
778,"10,000 Hours (with Justin Bieber)","10,000 Hours (with Justin Bieber)",Dan + Shay,2019-04-10,USWB11902440,3215,24.3,1060319450.0,93637,53500350,67.0,361854211.0,3836505.0,143760.0,9183035.0,64709989.0,801371563.0,,537.0,311.0,1.0,282.0,50.0,,,,,0,
778,"10,000 Hours (with Justin Bieber)","10,000 Hours (with Justin Bieber)",Dan + Shay,2019-04-10,USWB11902440,3215,24.3,1060319450.0,93637,53500350,67.0,361854211.0,3836505.0,143760.0,9183035.0,64709989.0,801371563.0,,537.0,311.0,1.0,282.0,50.0,,,,,0,
786,Easy,The Plan,DaniLeigh,2018-11-30,USUM71816809,4403,19.9,41808541.0,7802,1222888,46.0,491827513.0,3638561.0,28899.0,4564091.0,39966761.0,26034042.0,4.0,5.0,,2.0,2532.0,5.0,172241744.0,37508.0,15875196.0,1458244.0,0,
807,Crazy What Love Can Do,Only Honest On The Weekend (Deluxe),David Guetta,2022-03-18,UKWLG2200001,1825,34.0,371288040.0,69527,53951706,69.0,42623147.0,297084.0,5644.0,1282246.0,19793657.0,2591798957.0,111.0,205826.0,348.0,56.0,947134.0,40.0,4516525.0,729.0,,2246791.0,0,
843,Vaaste,Vaaste,Dhvani Bhanushali,2019-06-04,INS181900798,1540,37.4,126921341.0,13291,2873906,60.0,1598106066.0,13195302.0,,4508761.0,48358536.0,262249176.0,5.0,572.0,,,,4.0,,,,499417.0,0,
858,On My Mind,On My Mind,Diplo,2019-12-13,USZ4V1900134,3526,22.9,287897439.0,146593,20526230,60.0,68649223.0,853541.0,175051.0,126561681.0,855075576.0,11842376.0,74.0,27171.0,113.0,42.0,165991.0,21.0,7837045.0,6109.0,,1261710.0,0,
882,You Know You Like It,You Know You Like It,DJ Snake,2014-10-14,USUM71414293,3465,23.2,506083686.0,88997,19591325,65.0,191257884.0,1917299.0,22248.0,8081963.0,53859932.0,17749865.0,105.0,20173.0,45.0,38.0,196761.0,16.0,359711385.0,126499.0,51994371.0,14034296.0,0,
933,One Dance,One Dance (feat. Wizkid & Kyla) - Single,Drake,2016-04-04,USCM51600028,518,67.9,3192204066.0,379853,131832723,82.0,456806913.0,5068762.0,2381341.0,51227212.0,388544079.0,6670180.0,550.0,184311.0,932.0,165.0,1383884.0,97.0,714508129.0,601041.0,,21316589.0,0,
947,Fair Trade (with Travis Scott),Certified Lover Boy,Drake,2021-03-09,USUG12104402,708,57.6,819136167.0,220374,42648915,75.0,173633158.0,1399290.0,66599.0,33795573.0,327393753.0,243761287.0,67.0,60.0,81.0,30.0,783511.0,8.0,44693468.0,12411.0,,1942002.0,1,
962,Jimmy Cooks (feat. 21 Savage),"Honestly, Nevermind",Drake,2022-06-17,USUG12204897,192,109.7,971473231.0,239671,77479207,78.0,198796965.0,2003253.0,803500.0,85725313.0,926300276.0,327806846.0,110.0,1041.0,641.0,18.0,314003.0,57.0,50899547.0,48037.0,24117364.0,3142892.0,1,
965,Jimmy Cook's (feat. 21 Savage),"Honestly, Nevermind",Drake,2022-06-17,USUG12204898,3097,24.8,971473231.0,8682,1452190,48.0,66659649.0,434146.0,,,,,30.0,184134.0,,1.0,192.0,,,,,,0,
1004,Jiggle Jiggle,Jiggle Jiggle,Duke & Jones,2022-05-13,GBARL2201151,891,51.2,121214716.0,37436,6111674,56.0,12801028.0,183570.0,4762920.0,1378075519.0,14693507776.0,1804738.0,13.0,4797.0,1168.0,2.0,2613.0,10.0,2538534.0,16457.0,,1772963.0,0,
1006,She Don't Give a Fo,"Trapgentina, Vol. 1",Duki,2017-07-12,QZ5FN1767793,4409,19.9,500565437.0,74725,14234889,70.0,644380652.0,4455611.0,43604.0,35536108.0,217482856.0,53428.0,3.0,1789.0,,7.0,45112.0,3.0,604004.0,2295.0,,995726.0,0,
1064,Drunk (And I Don't Wanna Go Home),Drunk (And I Don't Wanna Go Home),Elle King,2021-02-26,USRC12100003,3676,22.4,198817832.0,29696,13496258,61.0,72494045.0,589638.0,28163.0,5259924.0,88185708.0,240248194.0,53.0,207532.0,97.0,4.0,991.0,42.0,124606059.0,33325.0,,1594014.0,0,
1071,Hold Me Closer,Diamonds (Deluxe),Elton John,2017-10-11,GBUM72205030,3907,21.6,400479389.0,61255,53203700,68.0,63905136.0,626102.0,113328.0,41032520.0,552721460.0,1204205976.0,141.0,574448.0,113.0,63.0,1698941.0,94.0,84991422.0,9726.0,,3915242.0,0,
1071,Hold Me Closer,Diamonds (Deluxe),Elton John,2017-10-11,GBUM72205030,3907,21.6,400479389.0,61255,53203700,68.0,63905136.0,626102.0,113328.0,41032520.0,552721460.0,1204205976.0,141.0,574448.0,113.0,63.0,1698941.0,94.0,84991422.0,9726.0,,3915242.0,0,
1072,Cold Heart (Claptone Remix),Cold Heart (Claptone Remix),Elton John,2021-08-10,GBUM72105701,4473,19.7,39941762.0,16015,4618819,52.0,347059146.0,2044052.0,,,,383593.0,17.0,12216.0,1510.0,7.0,115833.0,,591617.0,1996.0,,613098.0,0,
1072,Cold Heart (Claptone Remix),Cold Heart (Claptone Remix),Elton John,2021-08-10,GBUM72105701,4473,19.7,39941762.0,16015,4618819,52.0,347059146.0,2044052.0,,,,383593.0,17.0,12216.0,1510.0,7.0,115833.0,,591617.0,1996.0,,613098.0,0,
1083,'Till I Collapse,The Eminem Show,Eminem,2002-05-26,USIR10211066,2651,27.4,1958809069.0,282888,74055843,79.0,1463549979.0,10918289.0,41045.0,6151095.0,54356279.0,324314535.0,83.0,1714.0,25.0,37.0,924049.0,29.0,618998662.0,1209416.0,,4812702.0,1,
1086,Love The Way You Lie,538 Hitzone 55,Eminem,2010-01-01,USUM71015397,784,54.7,1532052160.0,236943,76167038,79.0,3009144927.0,15864764.0,208118.0,23435916.0,223136013.0,254272987.0,84.0,4437.0,,67.0,669362.0,49.0,800108842.0,1358251.0,1991336.0,10011625.0,1,
1092,Godzilla (feat. Juice WRLD),Music To Be Murdered By,Eminem,2020-01-17,USUM72000788,572,63.7,1456635235.0,241715,56568076,78.0,657464189.0,10293443.0,162256.0,37734089.0,310162794.0,280494505.0,76.0,1087.0,110.0,61.0,502301.0,26.0,151276536.0,248709.0,,3056826.0,1,
1104,Bailando - English Version,S** AND LOVE,Enrique Iglesias,2014-01-01,GBUM71401975,1289,41.5,218205900.0,28233,7288674,50.0,3559338569.0,11289750.0,15933.0,7120449.0,81433215.0,414560765.0,23.0,617.0,,15.0,105771.0,13.0,,,,1719741.0,1,
1104,Bailando - English Version,S** AND LOVE,Enrique Iglesias,2014-01-01,GBUM71401975,1289,41.5,218205900.0,28233,7288674,50.0,3559338569.0,11289750.0,15933.0,7120449.0,81433215.0,414560765.0,23.0,617.0,,15.0,105771.0,13.0,,,,1719741.0,1,
1106,SUBEME LA RADIO (feat. Descemer Bueno & Zion & Lennox),SUBEME LA RADIO,Enrique Iglesias,2017-02-24,USRC11700058,1313,41.1,706158416.0,87667,24084151,65.0,1601099483.0,7360323.0,1069767.0,28595817.0,233419445.0,348204812.0,76.0,67073.0,69.0,57.0,239183.0,39.0,107237615.0,37694.0,446194.0,7039145.0,0,
1135,El Incomprendido,El Incomprendido,Farruko,2021-09-30,USSD12100701,3412,23.5,186233910.0,58393,11050675,55.0,114487705.0,1160464.0,51939.0,5919470.0,95822904.0,6639701.0,46.0,51359.0,24.0,23.0,365413.0,19.0,22544548.0,5093.0,,2989432.0,1,
1153,679 (feat. Remy Boyz),679 (feat. Remy Boyz),Fetty Wap,2015-06-29,QMCE31500250,1863,33.7,808010338.0,130977,25603956,71.0,690889020.0,4272301.0,1014761.0,52308653.0,243314330.0,258112509.0,1.0,44246.0,375.0,6.0,4160.0,,,,91184574.0,4663057.0,1,
1210,WAIT FOR U (feat. Drake & Tems),WAIT FOR U (feat. Drake & Tems),Future,2022-04-27,USSM12203789,120,141.0,787155930.0,183850,58397185,77.0,357772653.0,2590835.0,931660.0,95662104.0,836550889.0,3934416606.0,150.0,463665.0,1308.0,32.0,399388.0,69.0,182315884.0,53326.0,48937045.0,3534164.0,1,
1282,New Gold (feat. Tame Impala and Bootie Brown),New Gold (feat. Tame Impala and Bootie Brown),Gorillaz,2022-08-31,GBAYE2200462,2723,27.0,155399041.0,62013,13710934,60.0,32481842.0,684033.0,21669.0,11544855.0,135832597.0,1424027.0,26.0,53724.0,44.0,14.0,128215.0,32.0,5895530.0,1892.0,,562309.0,1,
1333,Naach Meri Rani,"Naach Meri Rani(Feat. Guru Randhawa,Nora Fatehi)",Guru Randhawa,2020-10-20,INS182006593,3056,25.1,77941531.0,7966,2976409,55.0,737123050.0,6472849.0,,,,233098421.0,1.0,2202.0,,,,6.0,,,,95016.0,0,
1391,The Greatest Show,The Greatest Show,Hugh Jackman,2017-10-27,USAT21704616,4511,19.6,552343934.0,53558,7170543,65.0,274208281.0,1429714.0,,,,19916476.0,27.0,2052.0,,4.0,10609.0,4.0,64544496.0,391576.0,1689340.0,1947292.0,0,
1391,The Greatest Show,The Greatest Show,Hugh Jackman,2017-10-27,USAT21704616,4511,19.6,552343934.0,53558,7170543,65.0,274208281.0,1429714.0,,,,19916476.0,27.0,2052.0,,4.0,10609.0,4.0,64544496.0,391576.0,1689340.0,1947292.0,0,
1407,Show Yourself,Frozen 2 (Original Motion Picture Soundtrack/Deluxe Edition),Idina Menzel,2019-11-15,USWD11994671,3299,23.9,261261513.0,22264,11996134,62.0,636887969.0,3145041.0,12708.0,11647515.0,85253285.0,49066773.0,28.0,996.0,,2.0,12065.0,8.0,60854875.0,89227.0,,271492.0,0,
1422,Enemy (with JID) - from the series Arcane League of Legends,Mercury - Act 1,Imagine Dragons,2021-03-09,USUM72119916,495,69.2,1502382072.0,240419,57503380,75.0,,,913200.0,449105708.0,4053240923.0,,118.0,137391.0,,55.0,2576050.0,65.0,36985295.0,73848.0,,,0,
1422,Enemy (with JID) - from the series Arcane League of Legends,Mercury - Act 1,Imagine Dragons,2021-03-09,USUM72119916,495,69.2,1502382072.0,240419,57503380,75.0,,,913200.0,449105708.0,4053240923.0,,118.0,137391.0,,55.0,2576050.0,65.0,36985295.0,73848.0,,,0,
1422,Enemy (with JID) - from the series Arcane League of Legends,Mercury - Act 1,Imagine Dragons,2021-03-09,USUM72119916,495,69.2,1502382072.0,240419,57503380,75.0,,,913200.0,449105708.0,4053240923.0,,118.0,137391.0,,55.0,2576050.0,65.0,36985295.0,73848.0,,,0,
1423,Enemy - from the series Arcane League of Legends,Enemy (from the series Arcane League of Legends),Imagine Dragons,2021-10-27,USUM72120989,2728,26.9,313209345.0,57092,6389142,65.0,,,33762.0,17669829.0,145431218.0,,6.0,,,1.0,173.0,1.0,24726484.0,20793.0,,9602713.0,0,
1423,Enemy - from the series Arcane League of Legends,Enemy (from the series Arcane League of Legends),Imagine Dragons,2021-10-27,USUM72120989,2728,26.9,313209345.0,57092,6389142,65.0,,,33762.0,17669829.0,145431218.0,,6.0,,,1.0,173.0,1.0,24726484.0,20793.0,,9602713.0,0,
1423,Enemy - from the series Arcane League of Legends,Enemy (from the series Arcane League of Legends),Imagine Dragons,2021-10-27,USUM72120989,2728,26.9,313209345.0,57092,6389142,65.0,,,33762.0,17669829.0,145431218.0,,6.0,,,1.0,173.0,1.0,24726484.0,20793.0,,9602713.0,0,
1435,UP,UP,INNA,2021-10-29,ROGRA2101937,3944,21.5,35440292.0,7611,1055511,49.0,105583094.0,723839.0,1783882.0,35896632.0,1048666929.0,5222774.0,8.0,34144.0,,9.0,457320.0,,77119.0,48.0,,2431616.0,0,
1496,"WHATS POPPIN (feat. DaBaby, Tory Lanez &amp; Lil Wayne) - Remix","WHATS POPPIN (feat. DaBaby, Tory Lanez & Lil Wayne) [Remix]",Jack Harlow,2020-06-24,USAT22003620,4051,21.2,742255774.0,117293,24138527,62.0,,,,,,,52.0,39896.0,,30.0,258351.0,,,,,1515661.0,1,
1516,"Illegal Weapon 2.0 (From ""Street Dancer 3D"")","Illegal Weapon 2.0 (From ""Street Dancer 3D"")",Jasmine Sandlas,2020-04-01,INS182000006,4434,19.8,173193166.0,12129,7879651,60.0,643258603.0,3362426.0,54100.0,5386841.0,57212956.0,28907695.0,13.0,1288.0,,,,4.0,,,,259241.0,0,
1525,Swalla (feat. Nicki Minaj & Ty Dolla $ign),Swalla (feat. Nicki Minaj & Ty Dolla $ign),Jason Derulo,2017-02-23,USWB11700237,624,61.0,1116304877.0,120975,28691304,66.0,2024330020.0,12350722.0,5384329.0,108811158.0,816827324.0,618637192.0,5.0,1.0,,58.0,265507.0,11.0,104822007.0,105778.0,24296452.0,,1,
1536,Savage Love (Laxed - Siren Beat),Savage Love (Laxed - Siren Beat),Jawsh 685,2020-11-06,USSM12003798,276,93.1,1118038333.0,142905,27025973,67.0,481447573.0,3636839.0,10104238.0,420225179.0,4530095073.0,,198.0,394564.0,200.0,209.0,2246210.0,10.0,,,,11067994.0,1,
1692,Peaches (feat. Daniel Caesar & Giveon),Justice,Justin Bieber,2021-03-19,USUM72102636,148,125.2,1612286123.0,282719,97390961,74.0,1019256266.0,10280320.0,1404274.0,502778982.0,4702037810.0,2889452237.0,348.0,569287.0,789.0,342.0,2587713.0,90.0,92111798.0,90598.0,,7848760.0,1,
1710,POP/STARS,POP/STARS,K/DA,2018-03-11,NLRD51859885,3650,22.4,352999804.0,49066,6820467,64.0,688305700.0,7491512.0,2636.0,3122902.0,22307459.0,105803850.0,16.0,2110.0,,10.0,27275.0,26.0,4297676.0,8057.0,7430414.0,768827.0,0,
1722,What Ifs (feat. Lauren Alaina),Kane Brown,Kane Brown,2016-02-12,USRN11600859,3696,22.3,516523975.0,45773,14539681,67.0,407784529.0,2047661.0,82745.0,1643842.0,10506569.0,471650737.0,39.0,132684.0,56.0,3.0,4887.0,18.0,366815231.0,184212.0,1264787.0,1925032.0,0,
1724,Be Like That - feat. Swae Lee & Khalid,Be Like That (feat. Swae Lee & Khalid),Kane Brown,2020-10-07,USRN11900133,3040,25.1,409441742.0,53950,16089036,63.0,147151901.0,1275444.0,109342.0,6519563.0,68851923.0,15185084.0,100.0,117788.0,127.0,20.0,119649.0,32.0,206703399.0,32399.0,,1905530.0,0,
1725,Thank God,Different Man,Kane Brown,2022-09-09,USRN12200041,866,52.1,157341967.0,20612,11359519,67.0,98239826.0,752054.0,213898.0,11321551.0,123462516.0,366164170.0,59.0,372512.0,127.0,15.0,398591.0,46.0,137496334.0,43041.0,,1100920.0,0,
1757,EL MAKINON,EL MAKINON,KAROL G,2021-03-24,USUM72023904,596,62.0,574357002.0,69491,28426363,69.0,1180418876.0,5566219.0,487000.0,56713955.0,627030538.0,594246368.0,91.0,32815.0,32.0,41.0,2363366.0,40.0,56426614.0,11335.0,,1161001.0,0,
1780,This Is Me,This Is Me,Keala Settle,2017-10-27,USAT21704622,2852,26.2,809894358.0,80591,19776253,66.0,622964718.0,4716659.0,18442.0,1528788.0,16464069.0,41140493.0,71.0,36683.0,,20.0,48491.0,21.0,84821836.0,183702.0,126042.0,3165985.0,0,
1780,This Is Me,This Is Me,Keala Settle,2017-10-27,USAT21704622,2852,26.2,809894358.0,80591,19776253,66.0,622964718.0,4716659.0,18442.0,1528788.0,16464069.0,41140493.0,71.0,36683.0,,20.0,48491.0,21.0,84821836.0,183702.0,126042.0,3165985.0,0,
1796,Die Hard,Mr. Morale & The Big Steppers,Kendrick Lamar,2022-05-13,USUM72208965,2107,31.4,318340376.0,83638,10749840,71.0,43714392.0,491664.0,3974.0,1738489.0,11351079.0,7985091.0,36.0,57147.0,121.0,8.0,116857.0,33.0,11750858.0,3197.0,,1032548.0,1,
1829,Memories (feat. Kid Cudi),VIVA Club Rotation (Vol. 46),Kid Cudi,2008-05-12,FRZID0900480,3778,22.0,923932404.0,261469,53941189,63.0,589202937.0,3297320.0,818905.0,254252068.0,1972131587.0,146327127.0,64.0,23424.0,20.0,62.0,1176459.0,24.0,215592925.0,162928.0,,8619668.0,0,
1836,Can We Kiss Forever?,Can We Kiss Forever?,Kina,2018-08-31,USSM11914456,815,53.7,634493511.0,89559,32092279,66.0,325005278.0,4709406.0,11714753.0,557393131.0,6459413096.0,12749911.0,48.0,101.0,43.0,36.0,344770.0,,34039218.0,29304.0,,8659169.0,0,
1836,Can We Kiss Forever?,Can We Kiss Forever?,Kina,2018-08-31,USSM11914456,815,53.7,634493511.0,89559,32092279,66.0,325005278.0,4709406.0,11714753.0,557393131.0,6459413096.0,12749911.0,48.0,101.0,43.0,36.0,344770.0,,34039218.0,29304.0,,8659169.0,0,
1837,Can We Kiss Forever?,Can We Kiss Forever?,Kina,2018-08-31,QMPKX1823521,2001,32.2,634333924.0,20562,4363375,,,,9900000.0,607950276.0,7021777484.0,,,,,1.0,139.0,9.0,,,,,0,
1837,Can We Kiss Forever?,Can We Kiss Forever?,Kina,2018-08-31,QMPKX1823521,2001,32.2,634333924.0,20562,4363375,,,,9900000.0,607950276.0,7021777484.0,,,,,1.0,139.0,9.0,,,,,0,
1864,This Girl (Kungs Vs. Cookin' On 3 Burners),This Girl (Kungs Vs. Cookin' On 3 Burners),Kungs,2016-02-19,FR9W11601798,1719,35.3,1121107262.0,193004,76999574,75.0,638330025.0,4250668.0,33025.0,11942603.0,188481260.0,85138862.0,305.0,130612.0,163.0,268.0,1657869.0,35.0,125847639.0,49094.0,,28279099.0,0,
1870,Higher Love,Higher Love,Kygo,2019-06-28,USRC11901901,1875,33.6,943137389.0,117582,79382957,67.0,315848540.0,1595053.0,43336.0,9354620.0,94552478.0,93310119.0,302.0,243385.0,238.0,165.0,2663236.0,98.0,54000735.0,46744.0,,5337579.0,0,
1894,Shallow,Shallow,Lady Gaga,2018-09-27,USUM71813192,204,106.9,2447973078.0,221822,90174192,78.0,2732311956.0,15274815.0,52698.0,11103476.0,168789459.0,2310840501.0,261.0,228874.0,135.0,158.0,1551217.0,95.0,387105091.0,651760.0,1196386.0,153863.0,0,
1962,Low Down,My Turn (Deluxe),Lil Baby,2020-02-28,USUG12000088,3191,24.4,241293946.0,87019,13919499,70.0,54454355.0,416677.0,22428.0,10288605.0,80675570.0,,29.0,,,3.0,292033.0,,57295689.0,12251.0,28554045.0,1370229.0,1,
1975,Freaky Friday (feat. Chris Brown),Freaky Friday (feat. Chris Brown),Lil Dicky,2018-03-15,QMRSZ1800280,2321,29.7,670298052.0,82446,12953022,65.0,822191175.0,6783630.0,228686.0,19209732.0,160522923.0,258233426.0,,8248.0,6.0,13.0,45931.0,22.0,78879564.0,196937.0,,,1,
1997,INDUSTRY BABY (feat. Jack Harlow),INDUSTRY BABY (feat. Jack Harlow),Lil Nas X,2021-07-23,USSM12104539,110,145.3,2014959725.0,354831,87942438,70.0,1003346208.0,16856186.0,1750366.0,915814897.0,9558947943.0,3191316960.0,360.0,245228.0,925.0,109.0,3242122.0,74.0,75167268.0,96430.0,,12693846.0,1,
1998,INDUSTRY BABY (feat. Jack Harlow),INDUSTRY BABY - Single,Lil Nas X,2021-07-23,USSM12104540,3182,24.4,2014959725.0,7808,1446867,48.0,85254240.0,910332.0,,,,1641.0,56.0,210716.0,,,,2.0,,,,,0,
2001,Falling Down - Bonus Track,Falling Down,Lil Peep,2018-09-19,USQX91802294,541,66.1,1156060152.0,189320,31366549,76.0,402381959.0,5703867.0,71568.0,19623543.0,153710600.0,15276414.0,31.0,13034.0,,13.0,184670.0,15.0,76107776.0,61292.0,163972594.0,3142956.0,1,
2014,Run It Up (feat. Offset & Moneybagg Yo),Destined 2 Win,Lil Tjay,2021-02-04,USSM12101540,1127,44.8,392745531.0,141221,21996686,67.0,96203913.0,1246093.0,44979.0,17567842.0,137477748.0,54251921.0,21.0,1558.0,3.0,8.0,131260.0,2.0,10758226.0,10750.0,39475086.0,1432080.0,1,
2014,Run It Up (feat. Offset & Moneybagg Yo),Destined 2 Win,Lil Tjay,2021-02-04,USSM12101540,1127,44.8,392745531.0,141221,21996686,67.0,96203913.0,1246093.0,44979.0,17567842.0,137477748.0,54251921.0,21.0,1558.0,3.0,8.0,131260.0,2.0,10758226.0,10750.0,39475086.0,1432080.0,1,
2015,Headshot (feat. Polo G & Fivio Foreign),Headshot,Lil Tjay,2021-03-19,USSM12101091,3502,23.0,331506695.0,116321,15413876,65.0,22151531.0,381423.0,24736.0,13454627.0,89324319.0,3032466.0,38.0,4038.0,,7.0,224129.0,3.0,9501580.0,5239.0,,363790.0,1,
2069,Fiel,Los Legendarios 001,Los Legendarios,2021-04-02,QM4TW2136314,1130,44.7,642558596.0,106151,40485324,64.0,357508658.0,2089382.0,1884605.0,309769907.0,2853555921.0,56447780.0,77.0,45631.0,45.0,24.0,1535610.0,30.0,24779220.0,8899.0,,2242149.0,0,
2082,Bamba (feat. Aitch & BIA),Bamba (feat. Aitch & BIA),Luciano,2022-09-22,DECE72202389,1723,35.2,201638049.0,82200,8134899,62.0,79916576.0,787609.0,81594.0,10114609.0,128627839.0,48973181.0,14.0,6954.0,,8.0,55350.0,10.0,2062.0,22.0,,1285204.0,1,
2082,Bamba (feat. Aitch & BIA),Bamba (feat. Aitch & BIA),Luciano,2022-09-22,DECE72202389,1723,35.2,201638049.0,82200,8134899,62.0,79916576.0,787609.0,81594.0,10114609.0,128627839.0,48973181.0,14.0,6954.0,,8.0,55350.0,10.0,2062.0,22.0,,1285204.0,1,
2096,Despacito,Despacito (Featuring Daddy Yankee),Luis Fonsi,2017-01-13,USUM71607007,50,203.5,1747093405.0,178114,49464650,74.0,9537135721.0,61799279.0,799338.0,78304409.0,1143297071.0,569548901.0,179.0,121234.0,116.0,145.0,1977014.0,118.0,266603596.0,2359900.0,,19622551.0,0,
2096,Despacito,Despacito (Featuring Daddy Yankee),Luis Fonsi,2017-01-13,USUM71607007,50,203.5,1747093405.0,178114,49464650,74.0,9537135721.0,61799279.0,799338.0,78304409.0,1143297071.0,569548901.0,179.0,121234.0,116.0,145.0,1977014.0,118.0,266603596.0,2359900.0,,19622551.0,0,
2097,Despacito - Remix,Despacito Feat. Justin Bieber (Remix),Luis Fonsi,2017-04-17,USUM71703825,284,91.5,1713294983.0,134700,39604784,65.0,2920155266.0,17308189.0,1323640.0,61011622.0,607999568.0,380296279.0,268.0,598.0,57.0,91.0,820925.0,27.0,332562946.0,1547528.0,,7805645.0,0,
2097,Despacito - Remix,Despacito Feat. Justin Bieber (Remix),Luis Fonsi,2017-04-17,USUM71703825,284,91.5,1713294983.0,134700,39604784,65.0,2920155266.0,17308189.0,1323640.0,61011622.0,607999568.0,380296279.0,268.0,598.0,57.0,91.0,820925.0,27.0,332562946.0,1547528.0,,7805645.0,0,
2098,Echame La Culpa,Echame La Culpa,Luis Fonsi,2017-11-17,USUM71712163,607,61.4,935042457.0,92728,21057073,68.0,2463300079.0,11133796.0,1121206.0,13550452.0,139512356.0,391129325.0,92.0,81252.0,,76.0,175283.0,36.0,113179212.0,41836.0,,8719140.0,0,
2122,Monster,Monster,LUM!X,2019-04-19,ITV951900009,3704,22.3,324575469.0,84886,16138519,66.0,84490948.0,834256.0,2636838.0,355125016.0,4875609910.0,,25.0,16.0,3.0,27.0,599230.0,13.0,2081700.0,3093.0,,3588080.0,0,
2146,Frozen,Frozen,Madonna,2021-03-12,USWB12105753,1817,34.1,171060866.0,62420,13385720,62.0,39445207.0,832416.0,1812874.0,58132303.0,954943543.0,7699.0,17.0,12696.0,529.0,9.0,15158.0,2.0,17914746.0,3997.0,,6425997.0,0,
2185,Nothing Breaks Like a Heart (feat. Miley Cyrus),Nothing Breaks Like a Heart (feat. Miley Cyrus),Mark Ronson,2018-11-30,GBARL1801571,1852,33.7,942092206.0,129847,59476416,68.0,561103775.0,5753715.0,247441.0,154388347.0,1462282216.0,1257603748.0,106.0,19349.0,17.0,89.0,1222203.0,32.0,33775179.0,23653.0,,11510830.0,0,
2190,Payphone,Overexposed Track By Track,Maroon 5,2012-01-01,USUM71203347,1153,44.2,1828026153.0,249663,71678167,78.0,1051247406.0,7080472.0,93015.0,49072987.0,397860038.0,1568063711.0,58.0,83578.0,135.0,112.0,258125.0,28.0,667632597.0,1019888.0,20102563.0,11327684.0,1,
2199,FRIENDS,Speak Your Mind,Marshmello,2015-01-01,GBAHS1800025,1399,39.6,1436709386.0,148480,33658538,70.0,1135381625.0,14015049.0,4146562.0,86991331.0,930637366.0,2019493544.0,121.0,20897.0,218.0,65.0,674117.0,26.0,211818278.0,230433.0,,11299124.0,1,
2204,One Thing Right,One Thing Right (feat. Kane Brown),Marshmello,2019-06-21,US6XF1800275,2763,26.7,545011148.0,69335,15972797,65.0,312775703.0,3080420.0,134588.0,17058045.0,170167441.0,261719017.0,75.0,40925.0,56.0,64.0,349555.0,28.0,209791942.0,115849.0,,3044970.0,0,
2206,Be Kind (with Halsey),Manic,Marshmello,2020-01-17,USUG12001567,3829,21.8,664972754.0,67417,29811087,67.0,148754253.0,2371235.0,154068.0,36829248.0,275420611.0,152714215.0,139.0,123485.0,251.0,40.0,340692.0,34.0,50964881.0,14871.0,52172.0,3200345.0,0,
2207,Leave Before You Love Me (with Jonas Brothers),Summer 2021,Marshmello,2021-04-28,USUG12102313,810,53.9,844630935.0,94185,54080564,74.0,269892715.0,2020373.0,71293.0,17326017.0,182430905.0,993825483.0,147.0,380249.0,940.0,21.0,620249.0,27.0,139703215.0,15853.0,,7138195.0,0,
2214,Scared To Be Lonely,Dua Lipa (Complete Edition),Martin Garrix,2015-01-01,NLM5S1600025,2815,26.4,1254883107.0,131909,46601399,73.0,995579933.0,7131931.0,121770.0,12363862.0,113741661.0,221491507.0,133.0,23357.0,43.0,82.0,710034.0,40.0,125737150.0,32167.0,,6308966.0,0,
2217,Summer Days (feat. Macklemore & Patrick Stump of Fall Out Boy),Summer Days (feat. Macklemore & Patrick Stump of Fall Out Boy),Martin Garrix,2019-04-25,NLM5S1900528,3314,23.9,650003788.0,101864,28028039,66.0,81796283.0,973317.0,1827953.0,140205934.0,1556374953.0,228229299.0,119.0,2151.0,,71.0,1362975.0,18.0,18664339.0,11955.0,5522362.0,2791949.0,1,
2222,Jerusalema (feat. Nomcebo Zikode),Jerusalem,Master KG,2019-11-29,ZA82Y1900130,885,51.3,406132477.0,110858,13496585,66.0,925222640.0,7714435.0,790561.0,54406926.0,849243924.0,33866411.0,92.0,125439.0,2.0,73.0,3432383.0,8.0,7150193.0,19558.0,,15915419.0,0,
2355,Volando (Remix),Volando (Remix),Mora,2021-08-07,QMFME2105596,1052,46.8,701919939.0,105247,22304375,68.0,560364244.0,2647485.0,26200.0,9024221.0,74137126.0,45891350.0,85.0,14824.0,15.0,21.0,301957.0,22.0,14229625.0,2125.0,,1404755.0,1,
2356,LA INOCENTE,Microdosis,Mora,2022-01-04,QM4TX2252954,1461,38.4,736983718.0,92256,38659924,76.0,97778011.0,619019.0,343800.0,74611902.0,559279404.0,,42.0,20516.0,48.0,21.0,10512345.0,36.0,2465152.0,1503.0,,1849683.0,1,
2357,MEMORIAS,Microdosis,Mora,2022-01-04,QM4TX2252943,2527,28.2,359336745.0,67125,16316500,70.0,143505182.0,823971.0,20600.0,9094523.0,82205989.0,340159905.0,38.0,8665.0,170.0,4.0,54118.0,14.0,367017.0,319.0,,868434.0,0,
2440,"Gali Gali (From ""Kgf Chapter 1"")","Gali Gali (From ""Kgf Chapter 1"")",Neha Kakkar,2018-12-13,INS181802942,3515,23.0,74027513.0,5648,3808001,59.0,1014261335.0,4638798.0,,,,105077396.0,1.0,1310.0,,,,2.0,,,,168398.0,0,
2441,"O Saki Saki (From ""Batla House"")","O Saki Saki (From ""Batla House"")",Neha Kakkar,2019-07-15,INS181904064,897,50.9,144985656.0,15143,5892217,57.0,1662729195.0,8178016.0,3112998.0,41878672.0,462897728.0,255648659.0,18.0,2585.0,,,,3.0,,,403099.0,717736.0,0,
2531,The Last Goodbye (feat. Bettye LaVette),The Last Goodbye (feat. Bettye LaVette) - Single,ODESZA,2022-08-02,GBCFB2100832,3905,21.6,122957173.0,65839,15313309,58.0,35159391.0,434406.0,115114.0,56371535.0,1408619017.0,1484274.0,27.0,5136.0,19.0,3.0,92265.0,26.0,1757068.0,1442.0,1860975.0,1713873.0,0,
2531,The Last Goodbye (feat. Bettye LaVette),The Last Goodbye (feat. Bettye LaVette) - Single,ODESZA,2022-08-02,GBCFB2100832,3905,21.6,122957173.0,65839,15313309,58.0,35159391.0,434406.0,115114.0,56371535.0,1408619017.0,1484274.0,27.0,5136.0,19.0,3.0,92265.0,26.0,1757068.0,1442.0,1860975.0,1713873.0,0,
2553,Miss You,Miss You,Oliver Tree,2022-05-08,USAT22211992,261,96.2,631378937.0,165883,38563849,51.0,32628348.0,615240.0,1905732.0,363515584.0,5776425361.0,13558530.0,75.0,152103.0,1.0,49.0,893762.0,19.0,,,16382616.0,7602822.0,1,
2554,Miss You - Remix,Miss You (Remix),Oliver Tree,2022-11-11,USAT22220799,3096,24.8,19182347.0,11089,3350270,50.0,280395336.0,3005798.0,,,,355242805.0,1.0,23.0,,2.0,13460.0,,,,,32541.0,1,
2596,Vaina Loca,Vaina Loca,Ozuna,2018-06-28,USXDR1800901,1963,32.5,818413674.0,68379,22527293,68.0,1084871772.0,3856569.0,272598.0,6087146.0,66017796.0,355660176.0,38.0,14367.0,204.0,34.0,178470.0,35.0,75922189.0,14002.0,,1916459.0,0,
2598,Despeinada,Despeinada,Ozuna,2020-03-09,USXDR2000590,1555,37.2,420652971.0,51117,16617076,63.0,680176045.0,2865108.0,1321300.0,41495930.0,490896378.0,121117333.0,67.0,18991.0,8.0,18.0,213074.0,30.0,19699364.0,4392.0,,1165902.0,0,
2599,Una Locura,ENOC,Ozuna,2020-04-09,USXDR2000574,1732,35.0,584776407.0,77768,24701564,66.0,634293431.0,2732963.0,54400.0,4039386.0,53047506.0,31169927.0,91.0,10020.0,26.0,18.0,103623.0,31.0,19304549.0,3277.0,,1497732.0,0,
2611,BABY OTAKU,BABY OTAKU,Pablito Pesadilla,2022-08-18,QM6P42224728,1640,36.1,187646063.0,31155,5507531,58.0,45203843.0,375214.0,2400511.0,454397685.0,5157109090.0,,13.0,5297.0,,4.0,119118.0,20.0,44806.0,,,491748.0,1,
2616,Daru Badnaam,Daru Badnaam,Param Singh,2016-12-24,GBLQN1619802,3246,24.1,92896589.0,15887,2265888,57.0,1409748329.0,8483910.0,390900.0,10757515.0,203136653.0,59414723.0,5.0,367.0,,,,4.0,,,,263588.0,0,
2739,death bed (coffee for your head),"Some Boring, Love Stories, Pt. 2",Powfu,2019-09-02,USSM12000925,268,94.8,1656385770.0,283938,62191957,74.0,1135382823.0,15066754.0,7578918.0,610598789.0,5007036875.0,348834936.0,219.0,200884.0,305.0,119.0,6994461.0,29.0,214867165.0,150801.0,,10905647.0,0,
2739,death bed (coffee for your head),"Some Boring, Love Stories, Pt. 2",Powfu,2019-09-02,USSM12000925,268,94.8,1656385770.0,283938,62191957,74.0,1135382823.0,15066754.0,7578918.0,610598789.0,5007036875.0,348834936.0,219.0,200884.0,305.0,119.0,6994461.0,29.0,214867165.0,150801.0,,10905647.0,0,
2745,"Kesariya (From ""Brahmastra"")","Kesariya (From ""Brahmastra"") - Single",Pritam,2022-07-17,INS172203702,1084,46.0,516740949.0,30584,13659510,67.0,548697509.0,6082861.0,,,,174637093.0,35.0,2050.0,,1.0,1097.0,13.0,896892.0,661.0,3338.0,372802.0,0,
2745,"Kesariya (From ""Brahmastra"")","Kesariya (From ""Brahmastra"") - Single",Pritam,2022-07-17,INS172203702,1084,46.0,516740949.0,30584,13659510,67.0,548697509.0,6082861.0,,,,174637093.0,35.0,2050.0,,1.0,1097.0,13.0,896892.0,661.0,3338.0,372802.0,0,
2745,"Kesariya (From ""Brahmastra"")","Kesariya (From ""Brahmastra"") - Single",Pritam,2022-07-17,INS172203702,1084,46.0,516740949.0,30584,13659510,67.0,548697509.0,6082861.0,,,,174637093.0,35.0,2050.0,,1.0,1097.0,13.0,896892.0,661.0,3338.0,372802.0,0,
2745,"Kesariya (From ""Brahmastra"")","Kesariya (From ""Brahmastra"") - Single",Pritam,2022-07-17,INS172203702,1084,46.0,516740949.0,30584,13659510,67.0,548697509.0,6082861.0,,,,174637093.0,35.0,2050.0,,1.0,1097.0,13.0,896892.0,661.0,3338.0,372802.0,0,
2745,"Kesariya (From ""Brahmastra"")","Kesariya (From ""Brahmastra"") - Single",Pritam,2022-07-17,INS172203702,1084,46.0,516740949.0,30584,13659510,67.0,548697509.0,6082861.0,,,,174637093.0,35.0,2050.0,,1.0,1097.0,13.0,896892.0,661.0,3338.0,372802.0,0,
2745,"Kesariya (From ""Brahmastra"")","Kesariya (From ""Brahmastra"") - Single",Pritam,2022-07-17,INS172203702,1084,46.0,516740949.0,30584,13659510,67.0,548697509.0,6082861.0,,,,174637093.0,35.0,2050.0,,1.0,1097.0,13.0,896892.0,661.0,3338.0,372802.0,0,
2745,"Kesariya (From ""Brahmastra"")","Kesariya (From ""Brahmastra"") - Single",Pritam,2022-07-17,INS172203702,1084,46.0,516740949.0,30584,13659510,67.0,548697509.0,6082861.0,,,,174637093.0,35.0,2050.0,,1.0,1097.0,13.0,896892.0,661.0,3338.0,372802.0,0,
2745,"Kesariya (From ""Brahmastra"")","Kesariya (From ""Brahmastra"") - Single",Pritam,2022-07-17,INS172203702,1084,46.0,516740949.0,30584,13659510,67.0,548697509.0,6082861.0,,,,174637093.0,35.0,2050.0,,1.0,1097.0,13.0,896892.0,661.0,3338.0,372802.0,0,
2745,"Kesariya (From ""Brahmastra"")","Kesariya (From ""Brahmastra"") - Single",Pritam,2022-07-17,INS172203702,1084,46.0,516740949.0,30584,13659510,67.0,548697509.0,6082861.0,,,,174637093.0,35.0,2050.0,,1.0,1097.0,13.0,896892.0,661.0,3338.0,372802.0,0,
2745,"Kesariya (From ""Brahmastra"")","Kesariya (From ""Brahmastra"") - Single",Pritam,2022-07-17,INS172203702,1084,46.0,516740949.0,30584,13659510,67.0,548697509.0,6082861.0,,,,174637093.0,35.0,2050.0,,1.0,1097.0,13.0,896892.0,661.0,3338.0,372802.0,0,
2745,"Kesariya (From ""Brahmastra"")","Kesariya (From ""Brahmastra"") - Single",Pritam,2022-07-17,INS172203702,1084,46.0,516740949.0,30584,13659510,67.0,548697509.0,6082861.0,,,,174637093.0,35.0,2050.0,,1.0,1097.0,13.0,896892.0,661.0,3338.0,372802.0,0,
2745,"Kesariya (From ""Brahmastra"")","Kesariya (From ""Brahmastra"") - Single",Pritam,2022-07-17,INS172203702,1084,46.0,516740949.0,30584,13659510,67.0,548697509.0,6082861.0,,,,174637093.0,35.0,2050.0,,1.0,1097.0,13.0,896892.0,661.0,3338.0,372802.0,0,
2745,"Kesariya (From ""Brahmastra"")","Kesariya (From ""Brahmastra"") - Single",Pritam,2022-07-17,INS172203702,1084,46.0,516740949.0,30584,13659510,67.0,548697509.0,6082861.0,,,,174637093.0,35.0,2050.0,,1.0,1097.0,13.0,896892.0,661.0,3338.0,372802.0,0,
2753,That That (prod. & feat. SUGA of BTS),PSY 9th,PSY,2022-04-29,QZEKE2084402,858,52.4,269491606.0,26075,16176936,66.0,746615342.0,15669340.0,304900.0,324925866.0,2432918911.0,300796672.0,12.0,11171.0,243.0,5.0,37462.0,16.0,2505495.0,1683.0,,797357.0,0,
2754,Hypnotized,Hypnotized,Purple Disco Machine,2020-08-04,AUDCB1701555,2419,29.0,354683755.0,77323,15730444,58.0,213371276.0,1027195.0,16828.0,3791734.0,43216239.0,20989951.0,93.0,274845.0,,49.0,1245110.0,24.0,343587.0,727.0,,8349963.0,0,
2754,Hypnotized,Hypnotized,Purple Disco Machine,2020-08-04,AUDCB1701555,2419,29.0,354683755.0,77323,15730444,58.0,213371276.0,1027195.0,16828.0,3791734.0,43216239.0,20989951.0,93.0,274845.0,,49.0,1245110.0,24.0,343587.0,727.0,,8349963.0,0,
2755,In The Dark,In the Dark,Purple Disco Machine,2022-01-21,AUDCB1701963,2330,29.6,177722624.0,34102,6137203,59.0,61447086.0,348517.0,7268.0,1055159.0,20533718.0,1172517820.0,62.0,276734.0,3.0,32.0,846073.0,32.0,126601.0,136.0,,5644172.0,0,
2771,Locked Away (feat. Adam Levine),Locked Away,R. City,2015-06-29,USRC11501369,1355,40.3,990518773.0,143056,48490958,75.0,1273135552.0,7854653.0,222164.0,48742043.0,348767238.0,1667819767.0,101.0,65547.0,30.0,34.0,99938.0,6.0,555577156.0,100262.0,,17627794.0,0,
2771,Locked Away (feat. Adam Levine),Locked Away,R. City,2015-06-29,USRC11501369,1355,40.3,990518773.0,143056,48490958,75.0,1273135552.0,7854653.0,222164.0,48742043.0,348767238.0,1667819767.0,101.0,65547.0,30.0,34.0,99938.0,6.0,555577156.0,100262.0,,17627794.0,0,
2787,Fantasias,Fantasias,Rauw Alejandro,2019-08-29,QM6P41989279,1253,42.3,663578551.0,76919,24789585,67.0,1120507756.0,4714790.0,264337.0,14860378.0,121300058.0,48140480.0,60.0,18961.0,53.0,23.0,251089.0,36.0,53117205.0,9900.0,7834351.0,1795507.0,0,
2795,Desesperados,VICE VERSA,Rauw Alejandro,2021-10-12,USSD12100779,397,76.6,1021480638.0,119558,50631491,78.0,722946861.0,3591807.0,793105.0,186008455.0,2153526389.0,815766418.0,75.0,55181.0,92.0,42.0,3476743.0,53.0,61269232.0,6584.0,,2591948.0,1,
2795,Desesperados,VICE VERSA,Rauw Alejandro,2021-10-12,USSD12100779,397,76.6,1021480638.0,119558,50631491,78.0,722946861.0,3591807.0,793105.0,186008455.0,2153526389.0,815766418.0,75.0,55181.0,92.0,42.0,3476743.0,53.0,61269232.0,6584.0,,2591948.0,1,
2817,Calm Down (with Selena Gomez),Calm Down (with Selena Gomez),Rema,2022-08-25,NGA3B2214021,53,198.0,1391688322.0,163876,130963116,77.0,902742581.0,8099187.0,599.0,48035.0,2857920.0,750030685.0,316.0,1107265.0,,112.0,11937930.0,146.0,52073859.0,41487.0,5820026.0,3521951.0,0,
2984,Baila Conmigo (with Rauw Alejandro),Baila Conmigo (with Rauw Alejandro),Selena Gomez,2021-01-29,USUG12100193,3335,23.8,479276199.0,61386,12336155,60.0,228278348.0,3170402.0,97508.0,25648300.0,303099826.0,53842839.0,95.0,34379.0,135.0,30.0,592380.0,58.0,29045490.0,7860.0,,1495399.0,0,
3003,Can't Remember to Forget You,Can't Remember to Forget You,Shakira,2014-01-13,USRC11301790,3228,24.2,526083566.0,76288,26987950,69.0,1460145349.0,7622345.0,56018.0,34115468.0,212271619.0,1707525092.0,40.0,11313.0,1.0,38.0,278693.0,16.0,60118803.0,44915.0,,5075463.0,0,
3008,Te Felicito,Te Felicito,Shakira,2022-04-21,USQX92201764,392,77.0,719593291.0,74269,37254627,67.0,719244041.0,4424400.0,826261.0,159735614.0,2594106000.0,455293047.0,98.0,124848.0,455.0,53.0,3243848.0,69.0,25538867.0,8165.0,,2583205.0,0,
3039,Titanium (feat. Sia),Nothing But The Beat,Sia,2011-01-01,GB28K1100036,1031,47.4,1634403761.0,244291,103798139,74.0,1855838617.0,9070363.0,223184.0,49312980.0,510515661.0,1440344388.0,253.0,213633.0,53.0,142.0,1062057.0,77.0,651980038.0,1038186.0,,15214627.0,0,
3046,"Genius (feat. Sia, Diplo, and Labrinth)",Genius,Sia,2018-03-05,USQX91800798,4449,19.8,563680273.0,82163,14384727,71.0,403337582.0,4716385.0,832932.0,53453411.0,522523747.0,14782080.0,,4805.0,,,,,,,,,0,
3075,"Young, Wild & Free (feat. Bruno Mars)","Young, Wild & Free (feat. Bruno Mars)",Snoop Dogg,2011-10-21,USAT21102233,3344,23.7,1431126152.0,79665,12101555,65.0,192872269.0,1066231.0,52477.0,533633.0,1195592.0,,26.0,39051.0,,4.0,32298.0,,522661125.0,1107079.0,,8841027.0,0,
3075,"Young, Wild & Free (feat. Bruno Mars)","Young, Wild & Free (feat. Bruno Mars)",Snoop Dogg,2011-10-21,USAT21102233,3344,23.7,1431126152.0,79665,12101555,65.0,192872269.0,1066231.0,52477.0,533633.0,1195592.0,,26.0,39051.0,,4.0,32298.0,,522661125.0,1107079.0,,8841027.0,0,
3076,"Young, Wild & Free (feat. Bruno Mars)","Young, Wild & Free (feat. Bruno Mars)",Snoop Dogg,2011-11-10,USAT21102232,3679,22.4,1431126152.0,247483,44736824,70.0,850533301.0,6782649.0,201008.0,24881938.0,222945510.0,157062927.0,95.0,10266.0,,69.0,289282.0,36.0,,,,142030.0,1,
3076,"Young, Wild & Free (feat. Bruno Mars)","Young, Wild & Free (feat. Bruno Mars)",Snoop Dogg,2011-11-10,USAT21102232,3679,22.4,1431126152.0,247483,44736824,70.0,850533301.0,6782649.0,201008.0,24881938.0,222945510.0,157062927.0,95.0,10266.0,,69.0,289282.0,36.0,,,,142030.0,1,
3097,Thoda Thoda Pyaar,Thoda Thoda Pyaar,Stebin Ben,2021-12-02,INZ031408749,1959,32.6,122853878.0,12736,2733790,,873576528.0,7386664.0,,,,158304094.0,1.0,418.0,,,,,,,,348168.0,0,
3126,"Saami Saami (From ""Pushpa The Rise Part - 01"")","Saami Saami (From ""Pushpa The Rise Part - 01"")",Sunidhi Chauhan,2021-12-13,INS182116086,1957,32.6,50831625.0,3101,1472504,49.0,684136410.0,3996864.0,,,,326017670.0,,1833.0,,,,1.0,,,,63424.0,0,
3254,Meet Me At Our Spot,THE ANXIETY,THE ANXIETY,2020-03-13,QMJMT2002693,2923,25.8,609716786.0,136864,31328182,69.0,280056.0,4102.0,182019.0,153184031.0,1195714328.0,,57.0,2436.0,1626.0,22.0,24028.0,18.0,42232240.0,43579.0,5318764.0,3251229.0,1,
3254,Meet Me At Our Spot,THE ANXIETY,THE ANXIETY,2020-03-13,QMJMT2002693,2923,25.8,609716786.0,136864,31328182,69.0,280056.0,4102.0,182019.0,153184031.0,1195714328.0,,57.0,2436.0,1626.0,22.0,24028.0,18.0,42232240.0,43579.0,5318764.0,3251229.0,1,
3306,I Was Never There,"My Dear Melancholy,",The Weeknd,2018-03-29,USUG11800570,3488,23.1,995463505.0,139596,44549966,78.0,283348553.0,3003483.0,32188.0,23839570.0,175752903.0,4107073.0,28.0,283.0,,20.0,255988.0,,18564718.0,7254.0,,3364449.0,0,
3388,FRANCHISE (feat. Young Thug & M.I.A.),FRANCHISE (feat. Young Thug & M.I.A.),Travis Scott,2020-09-25,USSM12004756,3830,21.8,278032053.0,79755,13755423,63.0,179207995.0,2529783.0,59876.0,18571806.0,170949508.0,80863349.0,58.0,38286.0,19.0,21.0,21659.0,12.0,12891509.0,5890.0,,1765806.0,1,
3388,FRANCHISE (feat. Young Thug & M.I.A.),FRANCHISE (feat. Young Thug & M.I.A.),Travis Scott,2020-09-25,USSM12004756,3830,21.8,278032053.0,79755,13755423,63.0,179207995.0,2529783.0,59876.0,18571806.0,170949508.0,80863349.0,58.0,38286.0,19.0,21.0,21659.0,12.0,12891509.0,5890.0,,1765806.0,1,
3446,"Or Nah (feat. The Weeknd, Wiz Khalifa and DJ Mustard) - Remix","Or Nah (feat. The Weeknd, Wiz Khalifa and DJ Mustard) [Remix Version]",Ty Dolla $ign,2014-10-06,USAT21401391,2197,30.6,949312501.0,152498,28278237,74.0,858285365.0,5419110.0,8535.0,11730568.0,70600246.0,148190236.0,30.0,482.0,,7.0,4123.0,8.0,568114702.0,286287.0,,2633407.0,1,
3551,Arms Around You (feat. Maluma & Swae Lee),Arms Around You (feat. Maluma & Swae Lee),XXXTENTACION,2018-10-25,USWB11802264,1815,34.1,587673746.0,88533,17023029,65.0,490164687.0,7575841.0,108400.0,2994730.0,15353974.0,210200706.0,34.0,30031.0,9.0,16.0,13467.0,6.0,38836032.0,28986.0,51950035.0,3904200.0,1,
3581,Saiyaan Ji,Saiyaan Ji,Yo Yo Honey Singh,2021-01-27,INS182100158,3942,21.5,39793463.0,5646,1398949,48.0,585353915.0,6571121.0,,,,228557696.0,1.0,1059.0,,,,3.0,,,,197659.0,0,
3595,Go Crazy,Slime & B,Young Thug,2020-05-05,USRC12001468,721,57.0,699336080.0,126934,20887762,68.0,363333168.0,3159553.0,19574.0,3018147.0,42692526.0,217788137.0,177.0,578728.0,13.0,32.0,935466.0,22.0,242208093.0,80706.0,2515804.0,5747453.0,1,
